14.1,12.3662835249042,70.0193256365446,65.0081599319765,59.9969942274084,54.9858285228404,49.9746628182723,44.9634971137042,39.9523314091361,34.9411657045681,29.93,28.318,26.706,25.094,23.482,21.87,20.258,18.646,17.034,15.422,13.81,13.1811,12.5522,11.9233,11.2944,10.6655,10.0366,9.4077,8.7788,8.1499,7.521,7.226,6.931,6.636,6.341,6.046,5.751,5.456,5.161,4.866,4.571,4.4474,4.3238,4.2002,4.0766,3.953,3.8294,3.7058,3.5822,3.4586,3.335,3.2114,3.0878,2.9642,2.8406,2.717,2.5934,2.4698,2.3462,2.2226,2.099,2.0525,2.006,1.9595,1.913,1.8665,1.82,1.7735,1.727,1.6805,1.634,1.5875,1.541,1.4945,1.448,1.4015,1.355,1.3085,1.262,1.2155,1.169,1.154518,1.140036,1.125554,1.111072,1.09659,1.082108,1.067626,1.053144,1.038662,1.02418,1.009698,0.995216,0.980734,0.966252,0.95177,0.937288,0.922806,0.908324,0.893842
14.99,13.3085339127149,11.6270678254298,64.5749089577116,59.8342076780385,55.0935063983654,50.3528051186924,45.6121038390193,40.8714025593462,36.1307012796731,31.39,29.703,28.016,26.329,24.642,22.955,21.268,19.581,17.894,16.207,14.52,13.8606,13.2012,12.5418,11.8824,11.223,10.5636,9.9042,9.2448,8.5854,7.926,7.6156,7.3052,6.9948,6.6844,6.374,6.0636,5.7532,5.4428,5.1324,4.822,4.69165,4.5613,4.43095,4.3006,4.17025,4.0399,3.90955,3.7792,3.64885,3.5185,3.38815,3.2578,3.12745,2.9971,2.86675,2.7364,2.60605,2.4757,2.34535,2.215,2.16585,2.1167,2.06755,2.0184,1.96925,1.9201,1.87095,1.8218,1.77265,1.7235,1.67435,1.6252,1.57605,1.5269,1.47775,1.4286,1.37945,1.3303,1.28115,1.232,1.216654,1.201308,1.185962,1.170616,1.15527,1.139924,1.124578,1.109232,1.093886,1.07854,1.063194,1.047848,1.032502,1.017156,1.00181,0.986464,0.971118,0.955772,0.940426
16.13,14.4715634025901,12.8131268051803,11.1546902077704,60.5916329070244,56.0430274225204,51.4944219380163,46.9458164535122,42.3972109690081,37.8486054845041,33.3,31.514,29.728,27.942,26.156,24.37,22.584,20.798,19.012,17.226,15.44,14.7408,14.0416,13.3424,12.6432,11.944,11.2448,10.5456,9.8464,9.1472,8.448,8.1179,7.7878,7.4577,7.1276,6.7975,6.4674,6.1373,5.8072,5.4771,5.147,5.0079,4.8688,4.7297,4.5906,4.4515,4.3124,4.1733,4.0342,3.8951,3.756,3.6169,3.4778,3.3387,3.1996,3.0605,2.9214,2.7823,2.6432,2.5041,2.365,2.31245,2.2599,2.20735,2.1548,2.10225,2.0497,1.99715,1.9446,1.89205,1.8395,1.78695,1.7344,1.68185,1.6293,1.57675,1.5242,1.47165,1.4191,1.36655,1.314,1.297552,1.281104,1.264656,1.248208,1.23176,1.215312,1.198864,1.182416,1.165968,1.14952,1.133072,1.116624,1.100176,1.083728,1.06728,1.050832,1.034384,1.017936,1.001488
17.04,15.428616876997,13.817233753994,12.205850630991,10.594467507988,56.1821167876739,51.8756934301391,47.5692700726043,43.2628467150695,38.9564233575348,34.65,32.799,30.948,29.097,27.246,25.395,23.544,21.693,19.842,17.991,16.14,15.411,14.682,13.953,13.224,12.495,11.766,11.037,10.308,9.579,8.85,8.5049,8.1598,7.8147,7.4696,7.1245,6.7794,6.4343,6.0892,5.7441,5.399,5.2531,5.1072,4.9613,4.8154,4.6695,4.5236,4.3777,4.2318,4.0859,3.94,3.7941,3.6482,3.5023,3.3564,3.2105,3.0646,2.9187,2.7728,2.6269,2.481,2.4258,2.3706,2.3154,2.2602,2.205,2.1498,2.0946,2.0394,1.9842,1.929,1.8738,1.8186,1.7634,1.7082,1.653,1.5978,1.5426,1.4874,1.4322,1.377,1.35969,1.34238,1.32507,1.30776,1.29045,1.27314,1.25583,1.23852,1.22121,1.2039,1.18659,1.16928,1.15197,1.13466,1.11735,1.10004,1.08273,1.06542,1.04811
18.36,16.7580776206021,15.1561552412042,13.5542328618063,11.9523104824084,10.3503881030105,53.3630138579648,49.1922603934736,45.0215069289824,40.8507534644912,36.68,34.732,32.784,30.836,28.888,26.94,24.992,23.044,21.096,19.148,17.2,16.4244,15.6488,14.8732,14.0976,13.322,12.5464,11.7708,10.9952,10.2196,9.444,9.0762,8.7084,8.3406,7.9728,7.605,7.2372,6.8694,6.5016,6.1338,5.766,5.61025,5.4545,5.29875,5.143,4.98725,4.8315,4.67575,4.52,4.36425,4.2085,4.05275,3.897,3.74125,3.5855,3.42975,3.274,3.11825,2.9625,2.80675,2.651,2.59195,2.5329,2.47385,2.4148,2.35575,2.2967,2.23765,2.1786,2.11955,2.0605,2.00145,1.9424,1.88335,1.8243,1.76525,1.7062,1.64715,1.5881,1.52905,1.47,1.451452,1.432904,1.414356,1.395808,1.37726,1.358712,1.340164,1.321616,1.303068,1.28452,1.265972,1.247424,1.228876,1.210328,1.19178,1.173232,1.154684,1.136136,1.117588
19.2,17.651692692812,16.103385385624,14.555078078436,13.0067707712481,11.4584634640601,9.9101561568721,49.5084286422356,45.5556190948237,41.6028095474119,37.65,35.663,33.676,31.689,29.702,27.715,25.728,23.741,21.754,19.767,17.78,16.9799,16.1798,15.3797,14.5796,13.7795,12.9794,12.1793,11.3792,10.5791,9.779,9.3986,9.0182,8.6378,8.2574,7.877,7.4966,7.1162,6.7358,6.3554,5.975,5.8138,5.6526,5.4914,5.3302,5.169,5.0078,4.8466,4.6854,4.5242,4.363,4.2018,4.0406,3.8794,3.7182,3.557,3.3958,3.2346,3.0734,2.9122,2.751,2.68965,2.6283,2.56695,2.5056,2.44425,2.3829,2.32155,2.2602,2.19885,2.1375,2.07615,2.0148,1.95345,1.8921,1.83075,1.7694,1.70805,1.6467,1.58535,1.524,1.504706,1.485412,1.466118,1.446824,1.42753,1.408236,1.388942,1.369648,1.350354,1.33106,1.311766,1.292472,1.273178,1.253884,1.23459,1.215296,1.196002,1.176708,1.157414
20.44,18.9130286275646,17.3860572551292,15.8590858826937,14.3321145102583,12.8051431378229,11.2781717653875,9.75120039295206,47.1012810427226,43.2956405213613,39.49,37.414,35.338,33.262,31.186,29.11,27.034,24.958,22.882,20.806,18.73,17.887,17.044,16.201,15.358,14.515,13.672,12.829,11.986,11.143,10.3,9.9006,9.5012,9.1018,8.7024,8.303,7.9036,7.5042,7.1048,6.7054,6.306,6.13605,5.9661,5.79615,5.6262,5.45625,5.2863,5.11635,4.9464,4.77645,4.6065,4.43655,4.2666,4.09665,3.9267,3.75675,3.5868,3.41685,3.2469,3.07695,2.907,2.8421,2.7772,2.7123,2.6474,2.5825,2.5176,2.4527,2.3878,2.3229,2.258,2.1931,2.1282,2.0633,1.9984,1.9335,1.8686,1.8037,1.7388,1.6739,1.609,1.588572,1.568144,1.547716,1.527288,1.50686,1.486432,1.466004,1.445576,1.425148,1.40472,1.384292,1.363864,1.343436,1.323008,1.30258,1.282152,1.261724,1.241296,1.220868
21.46,19.9708857512418,18.4817715024837,16.9926572537255,15.5035430049673,14.0144287562092,12.525314507451,11.0362002586928,9.54708600993467,8.05797176117651,41.21,39.031,36.852,34.673,32.494,30.315,28.136,25.957,23.778,21.599,19.42,18.548,17.676,16.804,15.932,15.06,14.188,13.316,12.444,11.572,10.7,10.2864,9.8728,9.4592,9.0456,8.632,8.2184,7.8048,7.3912,6.9776,6.564,6.38725,6.2105,6.03375,5.857,5.68025,5.5035,5.32675,5.15,4.97325,4.7965,4.61975,4.443,4.26625,4.0895,3.91275,3.736,3.55925,3.3825,3.20575,3.029,2.96135,2.8937,2.82605,2.7584,2.69075,2.6231,2.55545,2.4878,2.42015,2.3525,2.28485,2.2172,2.14955,2.0819,2.01425,1.9466,1.87895,1.8113,1.74365,1.676,1.654662,1.633324,1.611986,1.590648,1.56931,1.547972,1.526634,1.505296,1.483958,1.46262,1.441282,1.419944,1.398606,1.377268,1.35593,1.334592,1.313254,1.291916,1.270578
22.68,21.1751,19.6702,18.1653,16.6604,15.1555,13.6506,12.1457,10.6408,9.1359,7.631,39.6352196064332,37.4835285390517,35.3318374716703,33.1801464042888,31.0284553369073,28.8767642695259,26.7250732021444,24.5733821347629,22.4216910673815,20.27,19.363,18.456,17.549,16.642,15.735,14.828,13.921,13.014,12.107,11.2,10.7679,10.3358,9.9037,9.4716,9.0395,8.6074,8.1753,7.7432,7.3111,6.879,6.69385,6.5087,6.32355,6.1384,5.95325,5.7681,5.58295,5.3978,5.21265,5.0275,4.84235,4.6572,4.47205,4.2869,4.10175,3.9166,3.73145,3.5463,3.36115,3.176,3.1051,3.0342,2.9633,2.8924,2.8215,2.7506,2.6797,2.6088,2.5379,2.467,2.3961,2.3252,2.2543,2.1834,2.1125,2.0416,1.9707,1.8998,1.8289,1.758,1.735562,1.713124,1.690686,1.668248,1.64581,1.623372,1.600934,1.578496,1.556058,1.53362,1.511182,1.488744,1.466306,1.443868,1.42143,1.398992,1.376554,1.354116,1.331678
23.41,21.8568,20.3036,18.7504,17.1972,15.644,14.0908,12.5376,10.9844,9.4312,7.878,7.24948527952365,36.8135604018636,34.7918653516306,32.7701703013977,30.7484752511647,28.7267802009318,26.7050851506988,24.6833901004659,22.661695050233,20.64,19.721,18.802,17.883,16.964,16.045,15.126,14.207,13.288,12.369,11.45,11.0091,10.5682,10.1273,9.6864,9.2455,8.8046,8.3637,7.9228,7.4819,7.041,6.8517,6.6624,6.4731,6.2838,6.0945,5.9052,5.7159,5.5266,5.3373,5.148,4.9587,4.7694,4.5801,4.3908,4.2015,4.0122,3.8229,3.6336,3.4443,3.255,3.1823,3.1096,3.0369,2.9642,2.8915,2.8188,2.7461,2.6734,2.6007,2.528,2.4553,2.3826,2.3099,2.2372,2.1645,2.0918,2.0191,1.9464,1.8737,1.801,1.777964,1.754928,1.731892,1.708856,1.68582,1.662784,1.639748,1.616712,1.593676,1.57064,1.547604,1.524568,1.501532,1.478496,1.45546,1.432424,1.409388,1.386352,1.363316
25.43,23.7431,22.0562,20.3693,18.6824,16.9955,15.3086,13.6217,11.9348,10.2479,8.561,7.92744159777876,7.29388319555752,6.66032479333628,34.1516499459076,32.1430416215897,30.1344332972717,28.1258249729538,26.1172166486359,24.1086083243179,22.1,21.122,20.144,19.166,18.188,17.21,16.232,15.254,14.276,13.298,12.32,11.8459,11.3718,10.8977,10.4236,9.9495,9.4754,9.0013,8.5272,8.0531,7.579,7.37555,7.1721,6.96865,6.7652,6.56175,6.3583,6.15485,5.9514,5.74795,5.5445,5.34105,5.1376,4.93415,4.7307,4.52725,4.3238,4.12035,3.9169,3.71345,3.51,3.4316,3.3532,3.2748,3.1964,3.118,3.0396,2.9612,2.8828,2.8044,2.726,2.6476,2.5692,2.4908,2.4124,2.334,2.2556,2.1772,2.0988,2.0204,1.942,1.917116,1.892232,1.867348,1.842464,1.81758,1.792696,1.767812,1.742928,1.718044,1.69316,1.668276,1.643392,1.618508,1.593624,1.56874,1.543856,1.518972,1.494088,1.469204
26.52,24.761,23.002,21.243,19.484,17.725,15.966,14.207,12.448,10.689,8.93,8.31593414302626,7.70186828605253,7.08780242907879,6.47373657210505,32.3164454264267,30.3931563411414,28.469867255856,26.5465781705707,24.6232890852853,22.7,21.702,20.704,19.706,18.708,17.71,16.712,15.714,14.716,13.718,12.72,12.2305,11.741,11.2515,10.762,10.2725,9.783,9.2935,8.804,8.3145,7.825,7.6154,7.4058,7.1962,6.9866,6.777,6.5674,6.3578,6.1482,5.9386,5.729,5.5194,5.3098,5.1002,4.8906,4.681,4.4714,4.2618,4.0522,3.8426,3.633,3.5519,3.4708,3.3897,3.3086,3.2275,3.1464,3.0653,2.9842,2.9031,2.822,2.7409,2.6598,2.5787,2.4976,2.4165,2.3354,2.2543,2.1732,2.0921,2.011,1.985184,1.959368,1.933552,1.907736,1.88192,1.856104,1.830288,1.804472,1.778656,1.75284,1.727024,1.701208,1.675392,1.649576,1.62376,1.597944,1.572128,1.546312,1.520496
28.22,26.3487,24.4774,22.6061,20.7348,18.8635,16.9922,15.1209,13.2496,11.3783,9.507,8.89810383317181,8.28920766634362,7.68031149951542,7.07141533268723,6.46251916585904,31.4007755331742,29.5030816498807,27.6053877665871,25.7076938832936,23.81,22.769,21.728,20.687,19.646,18.605,17.564,16.523,15.482,14.441,13.4,12.8848,12.3696,11.8544,11.3392,10.824,10.3088,9.7936,9.2784,8.7632,8.248,8.0274,7.8068,7.5862,7.3656,7.145,6.9244,6.7038,6.4832,6.2626,6.042,5.8214,5.6008,5.3802,5.1596,4.939,4.7184,4.4978,4.2772,4.0566,3.836,3.7504,3.6648,3.5792,3.4936,3.408,3.3224,3.2368,3.1512,3.0656,2.98,2.8944,2.8088,2.7232,2.6376,2.552,2.4664,2.3808,2.2952,2.2096,2.124,2.096698,2.069396,2.042094,2.014792,1.98749,1.960188,1.932886,1.905584,1.878282,1.85098,1.823678,1.796376,1.769074,1.741772,1.71447,1.687168,1.659866,1.632564,1.605262
29.38,27.4324,25.4848,23.5372,21.5896,19.642,17.6944,15.7468,13.7992,11.8516,9.904,9.31184345348493,8.71968690696987,8.1275303604548,7.53537381393974,6.94321726742467,6.3510607209096,5.75890417439454,28.1802211596867,26.3751105798434,24.57,23.492,22.414,21.336,20.258,19.18,18.102,17.024,15.946,14.868,13.79,13.2621,12.7342,12.2063,11.6784,11.1505,10.6226,10.0947,9.5668,9.0389,8.511,8.2836,8.0562,7.8288,7.6014,7.374,7.1466,6.9192,6.6918,6.4644,6.237,6.0096,5.7822,5.5548,5.3274,5.1,4.8726,4.6452,4.4178,4.1904,3.963,3.87465,3.7863,3.69795,3.6096,3.52125,3.4329,3.34455,3.2562,3.16785,3.0795,2.99115,2.9028,2.81445,2.7261,2.63775,2.5494,2.46105,2.3727,2.28435,2.196,2.167736,2.139472,2.111208,2.082944,2.05468,2.026416,1.998152,1.969888,1.941624,1.91336,1.885096,1.856832,1.828568,1.800304,1.77204,1.743776,1.715512,1.687248,1.658984
31.19,29.123,27.056,24.989,22.922,20.855,18.788,16.721,14.654,12.587,10.52,9.93185039105394,9.34370078210788,8.75555117316182,8.16740156421576,7.5792519552697,6.99110234632364,6.40295273737758,5.81480312843153,27.5846810656005,25.79,24.658,23.526,22.394,21.262,20.13,18.998,17.866,16.734,15.602,14.47,13.9192,13.3684,12.8176,12.2668,11.716,11.1652,10.6144,10.0636,9.5128,8.962,8.72275,8.4835,8.24425,8.005,7.76575,7.5265,7.28725,7.048,6.80875,6.5695,6.33025,6.091,5.85175,5.6125,5.37325,5.134,4.89475,4.6555,4.41625,4.177,4.0839,3.9908,3.8977,3.8046,3.7115,3.6184,3.5253,3.4322,3.3391,3.246,3.1529,3.0598,2.9667,2.8736,2.7805,2.6874,2.5943,2.5012,2.4081,2.315,2.285178,2.255356,2.225534,2.195712,2.16589,2.136068,2.106246,2.076424,2.046602,2.01678,1.986958,1.957136,1.927314,1.897492,1.86767,1.837848,1.808026,1.778204,1.748382
33.12,30.927,28.734,26.541,24.348,22.155,19.962,17.769,15.576,13.383,11.19,10.5925,9.995,9.3975,8.8,8.2025,7.605,7.0075,6.41,5.8125,5.215,25.7001569640056,24.5334728568939,23.3667887497821,22.2001046426704,21.0334205355587,19.8667364284469,18.7000523213352,17.5333682142235,16.3666841071117,15.2,14.6247,14.0494,13.4741,12.8988,12.3235,11.7482,11.1729,10.5976,10.0223,9.447,9.1951,8.9432,8.6913,8.4394,8.1875,7.9356,7.6837,7.4318,7.1799,6.928,6.6761,6.4242,6.1723,5.9204,5.6685,5.4166,5.1647,4.9128,4.6609,4.409,4.3108,4.2126,4.1144,4.0162,3.918,3.8198,3.7216,3.6234,3.5252,3.427,3.3288,3.2306,3.1324,3.0342,2.936,2.8378,2.7396,2.6414,2.5432,2.445,2.413474,2.381948,2.350422,2.318896,2.28737,2.255844,2.224318,2.192792,2.161266,2.12974,2.098214,2.066688,2.035162,2.003636,1.97211,1.940584,1.909058,1.877532,1.846006
35.26,32.926,30.592,28.258,25.924,23.59,21.256,18.922,16.588,14.254,11.92,11.2837,10.6474,10.0111,9.3748,8.7385,8.1022,7.4659,6.8296,6.1933,5.557,5.22292987039084,25.1692144345135,24.0218126301993,22.8744108258851,21.7270090215709,20.5796072172567,19.4322054129426,18.2848036086284,17.1374018043142,15.99,15.3887,14.7874,14.1861,13.5848,12.9835,12.3822,11.7809,11.1796,10.5783,9.977,9.71135,9.4457,9.18005,8.9144,8.64875,8.3831,8.11745,7.8518,7.58615,7.3205,7.05485,6.7892,6.52355,6.2579,5.99225,5.7266,5.46095,5.1953,4.92965,4.664,4.5602,4.4564,4.3526,4.2488,4.145,4.0412,3.9374,3.8336,3.7298,3.626,3.5222,3.4184,3.3146,3.2108,3.107,3.0032,2.8994,2.7956,2.6918,2.588,2.5546,2.5212,2.4878,2.4544,2.421,2.3876,2.3542,2.3208,2.2874,2.254,2.2206,2.1872,2.1538,2.1204,2.087,2.0536,2.0202,1.9868,1.9534
36.84,34.403,31.966,29.529,27.092,24.655,22.218,19.781,17.344,14.907,12.47,11.8039,11.1378,10.4717,9.8056,9.1395,8.4734,7.8073,7.1412,6.4751,5.809,5.48200849001093,5.15501698002186,4.82802547003278,23.1800391949745,22.0666993291454,20.9533594633163,19.8400195974872,18.7266797316582,17.6133398658291,16.5,15.883,15.266,14.649,14.032,13.415,12.798,12.181,11.564,10.947,10.33,10.05545,9.7809,9.50635,9.2318,8.95725,8.6827,8.40815,8.1336,7.85905,7.5845,7.30995,7.0354,6.76085,6.4863,6.21175,5.9372,5.66265,5.3881,5.11355,4.839,4.7314,4.6238,4.5162,4.4086,4.301,4.1934,4.0858,3.9782,3.8706,3.763,3.6554,3.5478,3.4402,3.3326,3.225,3.1174,3.0098,2.9022,2.7946,2.687,2.652304,2.617608,2.582912,2.548216,2.51352,2.478824,2.444128,2.409432,2.374736,2.34004,2.305344,2.270648,2.235952,2.201256,2.16656,2.131864,2.097168,2.062472,2.027776
39.16,36.571,33.982,31.393,28.804,26.215,23.626,21.037,18.448,15.859,13.27,12.5611,11.8522,11.1433,10.4344,9.7255,9.0166,8.3077,7.5988,6.8899,6.181,5.85499691358025,5.52899382716049,5.20299074074074,4.87698765432099,4.55098456790124,21.7519933646221,20.6514950234666,19.550996682311,18.4504983411555,17.35,16.702,16.054,15.406,14.758,14.11,13.462,12.814,12.166,11.518,10.87,10.58185,10.2937,10.00555,9.7174,9.42925,9.1411,8.85295,8.5648,8.27665,7.9885,7.70035,7.4122,7.12405,6.8359,6.54775,6.2596,5.97145,5.6833,5.39515,5.107,4.99365,4.8803,4.76695,4.6536,4.54025,4.4269,4.31355,4.2002,4.08685,3.9735,3.86015,3.7468,3.63345,3.5201,3.40675,3.2934,3.18005,3.0667,2.95335,2.84,2.8033,2.7666,2.7299,2.6932,2.6565,2.6198,2.5831,2.5464,2.5097,2.473,2.4363,2.3996,2.3629,2.3262,2.2895,2.2528,2.2161,2.1794,2.1427
40.25,37.59,34.93,32.27,29.61,26.95,24.29,21.63,18.97,16.31,13.65,12.9212,12.1924,11.4636,10.7348,10.006,9.2772,8.5484,7.8196,7.0908,6.362,6.04682046179509,5.73164092359018,5.41646138538527,5.10128184718036,4.78610230897545,4.47092277077054,20.8292665458629,19.7995110305752,18.7697555152876,17.74,17.073,16.406,15.739,15.072,14.405,13.738,13.071,12.404,11.737,11.07,10.7771,10.4842,10.1913,9.8984,9.6055,9.3126,9.0197,8.7268,8.4339,8.141,7.8481,7.5552,7.2623,6.9694,6.6765,6.3836,6.0907,5.7978,5.5049,5.212,5.09645,4.9809,4.86535,4.7498,4.63425,4.5187,4.40315,4.2876,4.17205,4.0565,3.94095,3.8254,3.70985,3.5943,3.47875,3.3632,3.24765,3.1321,3.01655,2.901,2.86352,2.82604,2.78856,2.75108,2.7136,2.67612,2.63864,2.60116,2.56368,2.5262,2.48872,2.45124,2.41376,2.37628,2.3388,2.30132,2.26384,2.22636,2.18888
42.42,39.619,36.818,34.017,31.216,28.415,25.614,22.813,20.012,17.211,14.41,13.6406,12.8712,12.1018,11.3324,10.563,9.7936,9.0242,8.2548,7.4854,6.716,6.40316985561686,6.09033971123371,5.77750956685057,5.46467942246743,5.15184927808428,4.83901913370114,4.52618898931799,4.21335884493485,19.5195813708277,18.5,17.805,17.11,16.415,15.72,15.025,14.33,13.635,12.94,12.245,11.55,11.24525,10.9405,10.63575,10.331,10.02625,9.7215,9.41675,9.112,8.80725,8.5025,8.19775,7.893,7.58825,7.2835,6.97875,6.674,6.36925,6.0645,5.75975,5.455,5.33425,5.2135,5.09275,4.972,4.85125,4.7305,4.60975,4.489,4.36825,4.2475,4.12675,4.006,3.88525,3.7645,3.64375,3.523,3.40225,3.2815,3.16075,3.04,3.00072,2.96144,2.92216,2.88288,2.8436,2.80432,2.76504,2.72576,2.68648,2.6472,2.60792,2.56864,2.52936,2.49008,2.4508,2.41152,2.37224,2.33296,2.29368
43.63,40.751,37.872,34.993,32.114,29.235,26.356,23.477,20.598,17.719,14.84,14.048,13.256,12.464,11.672,10.88,10.088,9.296,8.504,7.712,6.92,6.6139,6.3078,6.0017,5.6956,5.3895,5.0834,4.7773,4.4712,4.1651,3.859,18.1028977925733,17.3970202600652,16.691142727557,15.9852651950489,15.2793876625407,14.5735101300326,13.8676325975244,13.1617550650163,12.4558775325081,11.75,11.44115,11.1323,10.82345,10.5146,10.20575,9.8969,9.58805,9.2792,8.97035,8.6615,8.35265,8.0438,7.73495,7.4261,7.11725,6.8084,6.49955,6.1907,5.88185,5.573,5.4498,5.3266,5.2034,5.0802,4.957,4.8338,4.7106,4.5874,4.4642,4.341,4.2178,4.0946,3.9714,3.8482,3.725,3.6018,3.4786,3.3554,3.2322,3.109,3.06882,3.02864,2.98846,2.94828,2.9081,2.86792,2.82774,2.78756,2.74738,2.7072,2.66702,2.62684,2.58666,2.54648,2.5063,2.46612,2.42594,2.38576,2.34558
45.88,42.855,39.83,36.805,33.78,30.755,27.73,24.705,21.68,18.655,15.63,14.7958,13.9616,13.1274,12.2932,11.459,10.6248,9.7906,8.9564,8.1222,7.288,6.9656,6.6432,6.3208,5.9984,5.676,5.3536,5.0312,4.7088,4.3864,4.064,3.86757769203788,17.7670238565984,17.0748958745236,16.3827678924488,15.690639910374,14.9985119282992,14.3063839462244,13.6142559641496,12.9221279820748,12.23,11.9098,11.5896,11.2694,10.9492,10.629,10.3088,9.9886,9.6684,9.3482,9.028,8.7078,8.3876,8.0674,7.7472,7.427,7.1068,6.7866,6.4664,6.1462,5.826,5.69735,5.5687,5.44005,5.3114,5.18275,5.0541,4.92545,4.7968,4.66815,4.5395,4.41085,4.2822,4.15355,4.0249,3.89625,3.7676,3.63895,3.5103,3.38165,3.253,3.21096,3.16892,3.12688,3.08484,3.0428,3.00076,2.95872,2.91668,2.87464,2.8326,2.79056,2.74852,2.70648,2.66444,2.6224,2.58036,2.53832,2.49628,2.45424
47.65,44.51,41.37,38.23,35.09,31.95,28.81,25.67,22.53,19.39,16.25,15.3832,14.5164,13.6496,12.7828,11.916,11.0492,10.1824,9.3156,8.4488,7.582,7.2465,6.911,6.5755,6.24,5.9045,5.569,5.2335,4.898,4.5625,4.227,4.03510347103075,3.8432069420615,3.65131041309225,16.6180125638381,15.9466771365317,15.2753417092254,14.604006281919,13.9326708546127,13.2613354273063,12.59,12.2611,11.9322,11.6033,11.2744,10.9455,10.6166,10.2877,9.9588,9.6299,9.301,8.9721,8.6432,8.3143,7.9854,7.6565,7.3276,6.9987,6.6698,6.3409,6.012,5.8794,5.7468,5.6142,5.4816,5.349,5.2164,5.0838,4.9512,4.8186,4.686,4.5534,4.4208,4.2882,4.1556,4.023,3.8904,3.7578,3.6252,3.4926,3.36,3.31658,3.27316,3.22974,3.18632,3.1429,3.09948,3.05606,3.01264,2.96922,2.9258,2.88238,2.83896,2.79554,2.75212,2.7087,2.66528,2.62186,2.57844,2.53502
49.8,46.521,43.242,39.963,36.684,33.405,30.126,26.847,23.568,20.289,17.01,16.103,15.196,14.289,13.382,12.475,11.568,10.661,9.754,8.847,7.94,7.5885,7.237,6.8855,6.534,6.1825,5.831,5.4795,5.128,4.7765,4.425,4.23559864357299,4.04619728714598,3.85679593071898,3.66739457429197,3.47799321786496,15.6731184596744,15.0273388447558,14.3815592298372,13.7357796149186,13.09,12.7477,12.4054,12.0631,11.7208,11.3785,11.0362,10.6939,10.3516,10.0093,9.667,9.3247,8.9824,8.6401,8.2978,7.9555,7.6132,7.2709,6.9286,6.5863,6.244,6.1064,5.9688,5.8312,5.6936,5.556,5.4184,5.2808,5.1432,5.0056,4.868,4.7304,4.5928,4.4552,4.3176,4.18,4.0424,3.9048,3.7672,3.6296,3.492,3.44688,3.40176,3.35664,3.31152,3.2664,3.22128,3.17616,3.13104,3.08592,3.0408,2.99568,2.95056,2.90544,2.86032,2.8152,2.77008,2.72496,2.67984,2.63472
52.04,48.616,45.192,41.768,38.344,34.92,31.496,28.072,24.648,21.224,17.8,16.8515,15.903,14.9545,14.006,13.0575,12.109,11.1605,10.212,9.2635,8.315,7.9469,7.5788,7.2107,6.8426,6.4745,6.1064,5.7383,5.3702,5.0021,4.634,4.4467045621535,4.25940912430699,4.07211368646049,3.88481824861399,3.69752281076748,3.51022737292098,3.32293193507448,14.82898787516,14.22449393758,13.62,13.2629,12.9058,12.5487,12.1916,11.8345,11.4774,11.1203,10.7632,10.4061,10.049,9.6919,9.3348,8.9777,8.6206,8.2635,7.9064,7.5493,7.1922,6.8351,6.478,6.3355,6.193,6.0505,5.908,5.7655,5.623,5.4805,5.338,5.1955,5.053,4.9105,4.768,4.6255,4.483,4.3405,4.198,4.0555,3.913,3.7705,3.628,3.58114,3.53428,3.48742,3.44056,3.3937,3.34684,3.29998,3.25312,3.20626,3.1594,3.11254,3.06568,3.01882,2.97196,2.9251,2.87824,2.83138,2.78452,2.73766
54.53,50.945,47.36,43.775,40.19,36.605,33.02,29.435,25.85,22.265,18.68,17.6855,16.691,15.6965,14.702,13.7075,12.713,11.7185,10.724,9.7295,8.735,8.3482,7.9614,7.5746,7.1878,6.801,6.4142,6.0274,5.6406,5.2538,4.867,4.68115608758627,4.49531217517253,4.3094682627588,4.12362435034506,3.93778043793133,3.75193652551759,3.56609261310386,3.38024870069013,3.19440478827639,14.09,13.72255,13.3551,12.98765,12.6202,12.25275,11.8853,11.51785,11.1504,10.78295,10.4155,10.04805,9.6806,9.31315,8.9457,8.57825,8.2108,7.84335,7.4759,7.10845,6.741,6.59295,6.4449,6.29685,6.1488,6.00075,5.8527,5.70465,5.5566,5.40855,5.2605,5.11245,4.9644,4.81635,4.6683,4.52025,4.3722,4.22415,4.0761,3.92805,3.78,3.7312,3.6824,3.6336,3.5848,3.536,3.4872,3.4384,3.3896,3.3408,3.292,3.2432,3.1944,3.1456,3.0968,3.048,2.9992,2.9504,2.9016,2.8528
56.28,52.584,48.888,45.192,41.496,37.8,34.104,30.408,26.712,23.016,19.32,18.292,17.264,16.236,15.208,14.18,13.152,12.124,11.096,10.068,9.04,8.6398,8.2396,7.8394,7.4392,7.039,6.6388,6.2386,5.8384,5.4382,5.038,4.8489,4.6598,4.4707,4.2816,4.0925,3.9034,3.7143,3.5252,3.3361,3.147,3.01789994745928,13.4088901881324,13.0477851776806,12.6866801672288,12.325575156777,11.9644701463252,11.6033651358734,11.2422601254216,10.8811551149698,10.520050104518,10.1589450940662,9.79784008361439,9.43673507316259,9.07563006271079,8.714525052259,8.3534200418072,7.9923150313554,7.6312100209036,7.2701050104518,6.909,6.7576,6.6062,6.4548,6.3034,6.152,6.0006,5.8492,5.6978,5.5464,5.395,5.2436,5.0922,4.9408,4.7894,4.638,4.4866,4.3352,4.1838,4.0324,3.881,3.83094,3.78088,3.73082,3.68076,3.6307,3.58064,3.53058,3.48052,3.43046,3.3804,3.33034,3.28028,3.23022,3.18016,3.1301,3.08004,3.02998,2.97992,2.92986
58.81,54.952,51.094,47.236,43.378,39.52,35.662,31.804,27.946,24.088,20.23,19.1542,18.0784,17.0026,15.9268,14.851,13.7752,12.6994,11.6236,10.5478,9.472,9.0527,8.6334,8.2141,7.7948,7.3755,6.9562,6.5369,6.1176,5.6983,5.279,5.0808,4.8826,4.6844,4.4862,4.288,4.0898,3.8916,3.6934,3.4952,3.297,3.16935198261814,3.04170396523628,2.91405594785443,12.8078219280884,12.4548955575829,12.1019691870773,11.7490428165718,11.3961164460663,11.0431900755608,10.6902637050552,10.3373373345497,9.98441096404419,9.63148459353866,9.27855822303314,8.92563185252762,8.57270548202209,8.21977911151657,7.86685274101105,7.51392637050552,7.161,7.0046,6.8482,6.6918,6.5354,6.379,6.2226,6.0662,5.9098,5.7534,5.597,5.4406,5.2842,5.1278,4.9714,4.815,4.6586,4.5022,4.3458,4.1894,4.033,3.981,3.929,3.877,3.825,3.773,3.721,3.669,3.617,3.565,3.513,3.461,3.409,3.357,3.305,3.253,3.201,3.149,3.097,3.045
60.87,56.881,52.892,48.903,44.914,40.925,36.936,32.947,28.958,24.969,20.98,19.8648,18.7496,17.6344,16.5192,15.404,14.2888,13.1736,12.0584,10.9432,9.828,9.393,8.958,8.523,8.088,7.653,7.218,6.783,6.348,5.913,5.478,5.2722,5.0664,4.8606,4.6548,4.449,4.2432,4.0374,3.8316,3.6258,3.42,3.2949719668087,3.1699439336174,3.0449159004261,2.91988786723481,2.79485983404351,12.1476202419215,11.8050759389271,11.4625316359327,11.1199873329383,10.7774430299439,10.4348987269495,10.0923544239551,9.74981012096074,9.40726581796635,9.06472151497196,8.72217721197757,8.37963290898318,8.03708860598878,7.69454430299439,7.352,7.1921,7.0322,6.8723,6.7124,6.5525,6.3926,6.2327,6.0728,5.9129,5.753,5.5931,5.4332,5.2733,5.1134,4.9535,4.7936,4.6337,4.4738,4.3139,4.154,4.10046,4.04692,3.99338,3.93984,3.8863,3.83276,3.77922,3.72568,3.67214,3.6186,3.56506,3.51152,3.45798,3.40444,3.3509,3.29736,3.24382,3.19028,3.13674
63.34,59.193,55.046,50.899,46.752,42.605,38.458,34.311,30.164,26.017,21.87,20.708,19.546,18.384,17.222,16.06,14.898,13.736,12.574,11.412,10.25,9.7967,9.3434,8.8901,8.4368,7.9835,7.5302,7.0769,6.6236,6.1703,5.717,5.5022,5.2874,5.0726,4.8578,4.643,4.4282,4.2134,3.9986,3.7838,3.569,3.44535510490265,3.3217102098053,3.19806531470794,3.07442041961059,2.95077552451324,2.82713062941589,2.70348573431854,11.6046102260224,11.2698093738539,10.9350085216854,10.6002076695168,10.2654068173483,9.93060596517976,9.59580511301122,9.26100426084269,8.92620340867415,8.59140255650561,8.25660170433708,7.92180085216854,7.587,7.42275,7.2585,7.09425,6.93,6.76575,6.6015,6.43725,6.273,6.10875,5.9445,5.78025,5.616,5.45175,5.2875,5.12325,4.959,4.79475,4.6305,4.46625,4.302,4.24658,4.19116,4.13574,4.08032,4.0249,3.96948,3.91406,3.85864,3.80322,3.7478,3.69238,3.63696,3.58154,3.52612,3.4707,3.41528,3.35986,3.30444,3.24902
65.73,61.43,57.13,52.83,48.53,44.23,39.93,35.63,31.33,27.03,22.73,21.524,20.318,19.112,17.906,16.7,15.494,14.288,13.082,11.876,10.67,10.1979,9.7258,9.2537,8.7816,8.3095,7.8374,7.3653,6.8932,6.4211,5.949,5.7254,5.5018,5.2782,5.0546,4.831,4.6074,4.3838,4.1602,3.9366,3.713,3.59111023622047,3.46922047244095,3.34733070866142,3.22544094488189,3.10355118110236,2.98166141732283,2.85977165354331,2.73788188976378,2.61599212598425,11.0749164708973,10.7484248238076,10.4219331767178,10.0954415296281,9.76894988253838,9.44245823544865,9.11596658835892,8.78947494126919,8.46298329417946,8.13649164708973,7.81,7.6414,7.4728,7.3042,7.1356,6.967,6.7984,6.6298,6.4612,6.2926,6.124,5.9554,5.7868,5.6182,5.4496,5.281,5.1124,4.9438,4.7752,4.6066,4.438,4.38086,4.32372,4.26658,4.20944,4.1523,4.09516,4.03802,3.98088,3.92374,3.8666,3.80946,3.75232,3.69518,3.63804,3.5809,3.52376,3.46662,3.40948,3.35234
68.35,63.882,59.414,54.946,50.478,46.01,41.542,37.074,32.606,28.138,23.67,22.415,21.16,19.905,18.65,17.395,16.14,14.885,13.63,12.375,11.12,10.6286,10.1372,9.6458,9.1544,8.663,8.1716,7.6802,7.1888,6.6974,6.206,5.9726,5.7392,5.5058,5.2724,5.039,4.8056,4.5722,4.3388,4.1054,3.872,3.75141488815046,3.63082977630091,3.51024466445137,3.38965955260183,3.26907444075229,3.14848932890274,3.0279042170532,2.90731910520366,2.78673399335412,2.66614888150457,2.54556376965503,10.6265472182199,10.3068538159424,9.98716041366495,9.66746701138746,9.34777360910997,9.02808020683248,8.70838680455499,8.38869340227749,8.069,7.8949,7.7208,7.5467,7.3726,7.1985,7.0244,6.8503,6.6762,6.5021,6.328,6.1539,5.9798,5.8057,5.6316,5.4575,5.2834,5.1093,4.9352,4.7611,4.587,4.528,4.469,4.41,4.351,4.292,4.233,4.174,4.115,4.056,3.997,3.938,3.879,3.82,3.761,3.702,3.643,3.584,3.525,3.466
70.39,65.794,61.198,56.602,52.006,47.41,42.814,38.218,33.622,29.026,24.43,23.136,21.842,20.548,19.254,17.96,16.666,15.372,14.078,12.784,11.49,10.9824,10.4748,9.9672,9.4596,8.952,8.4444,7.9368,7.4292,6.9216,6.414,6.1728,5.9316,5.6904,5.4492,5.208,4.9668,4.7256,4.4844,4.2432,4.002,3.88362182426392,3.76524364852784,3.64686547279176,3.52848729705569,3.41010912131961,3.29173094558353,3.17335276984745,3.05497459411137,2.93659641837529,2.81821824263921,2.69984006690313,2.58146189116706,2.46308371543098,10.1205814818093,9.81548456817445,9.51038765453956,9.20529074090467,8.90019382726978,8.59509691363489,8.29,8.1103,7.9306,7.7509,7.5712,7.3915,7.2118,7.0321,6.8524,6.6727,6.493,6.3133,6.1336,5.9539,5.7742,5.5945,5.4148,5.2351,5.0554,4.8757,4.696,4.63568,4.57536,4.51504,4.45472,4.3944,4.33408,4.27376,4.21344,4.15312,4.0928,4.03248,3.97216,3.91184,3.85152,3.7912,3.73088,3.67056,3.61024,3.54992
73.17,68.399,63.628,58.857,54.086,49.315,44.544,39.773,35.002,30.231,25.46,24.113,22.766,21.419,20.072,18.725,17.378,16.031,14.684,13.337,11.99,11.4603,10.9306,10.4009,9.8712,9.3415,8.8118,8.2821,7.7524,7.2227,6.693,6.4413,6.1896,5.9379,5.6862,5.4345,5.1828,4.9311,4.6794,4.4277,4.176,4.05856470734281,3.94112941468562,3.82369412202843,3.70625882937124,3.58882353671405,3.47138824405686,3.35395295139967,3.23651765874247,3.11908236608528,3.00164707342809,2.8842117807709,2.76677648811371,2.64934119545652,2.53190590279933,2.41447061014214,2.29703531748495,9.46671766747677,9.17281177831785,8.87890588915893,8.585,8.3985,8.212,8.0255,7.839,7.6525,7.466,7.2795,7.093,6.9065,6.72,6.5335,6.347,6.1605,5.974,5.7875,5.601,5.4145,5.228,5.0415,4.855,4.7927,4.7304,4.6681,4.6058,4.5435,4.4812,4.4189,4.3566,4.2943,4.232,4.1697,4.1074,4.0451,3.9828,3.9205,3.8582,3.7959,3.7336,3.6713
75.74,70.807,65.874,60.941,56.008,51.075,46.142,41.209,36.276,31.343,26.41,25.014,23.618,22.222,20.826,19.43,18.034,16.638,15.242,13.846,12.45,11.9004,11.3508,10.8012,10.2516,9.702,9.1524,8.6028,8.0532,7.5036,6.954,6.6925,6.431,6.1695,5.908,5.6465,5.385,5.1235,4.862,4.6005,4.339,4.22288022702068,4.10676045404136,3.99064068106204,3.87452090808272,3.7584011351034,3.64228136212408,3.52616158914476,3.41004181616544,3.29392204318612,3.1778022702068,3.06168249722748,2.94556272424816,2.82944295126884,2.71332317828952,2.5972034053102,2.48108363233088,2.36496385935156,2.24884408637224,9.08609594041301,8.731,8.5441,8.3572,8.1703,7.9834,7.7965,7.6096,7.4227,7.2358,7.0489,6.862,6.6751,6.4882,6.3013,6.1144,5.9275,5.7406,5.5537,5.3668,5.1799,4.993,4.92904,4.86508,4.80112,4.73716,4.6732,4.60924,4.54528,4.48132,4.41736,4.3534,4.28944,4.22548,4.16152,4.09756,4.0336,3.96964,3.90568,3.84172,3.77776
78.83,73.699,68.568,63.437,58.306,53.175,48.044,42.913,37.782,32.651,27.52,26.066,24.612,23.158,21.704,20.25,18.796,17.342,15.888,14.434,12.98,12.4076,11.8352,11.2628,10.6904,10.118,9.5456,8.9732,8.4008,7.8284,7.256,6.9832,6.7104,6.4376,6.1648,5.892,5.6192,5.3464,5.0736,4.8008,4.528,4.41085,4.2937,4.17655,4.0594,3.94225,3.8251,3.70795,3.5908,3.47365,3.3565,3.23935,3.1222,3.00505,2.8879,2.77075,2.6536,2.53645,2.4193,2.30215,2.185,8.85053596800667,8.65619196969053,8.46184797137439,8.26750397305825,8.07315997474211,7.87881597642597,7.68447197810983,7.49012797979369,7.29578398147755,7.10143998316141,6.90709598484526,6.71275198652912,6.51840798821298,6.32406398989684,6.1297199915807,5.93537599326456,5.74103199494842,5.54668799663228,5.35234399831614,5.158,5.09204,5.02608,4.96012,4.89416,4.8282,4.76224,4.69628,4.63032,4.56436,4.4984,4.43244,4.36648,4.30052,4.23456,4.1686,4.10264,4.03668,3.97072,3.90476
81.23,75.948,70.666,65.384,60.102,54.82,49.538,44.256,38.974,33.692,28.41,26.911,25.412,23.913,22.414,20.915,19.416,17.917,16.418,14.919,13.42,12.8284,12.2368,11.6452,11.0536,10.462,9.8704,9.2788,8.6872,8.0956,7.504,7.2219,6.9398,6.6577,6.3756,6.0935,5.8114,5.5293,5.2472,4.9651,4.683,4.5618,4.4406,4.3194,4.1982,4.077,3.9558,3.8346,3.7134,3.5922,3.471,3.3498,3.2286,3.1074,2.9862,2.865,2.7438,2.6226,2.5014,2.3802,2.259,2.19324233633111,2.12748467266222,2.06172700899333,8.29479505081508,8.10630786013914,7.91782066946319,7.72933347878725,7.54084628811131,7.35235909743537,7.16387190675942,6.97538471608348,6.78689752540754,6.5984103347316,6.40992314405565,6.22143595337971,6.03294876270377,5.84446157202783,5.65597438135188,5.46748719067594,5.279,5.2116,5.1442,5.0768,5.0094,4.942,4.8746,4.8072,4.7398,4.6724,4.605,4.5376,4.4702,4.4028,4.3354,4.268,4.2006,4.1332,4.0658,3.9984
83.61,78.178,72.746,67.314,61.882,56.45,51.018,45.586,40.154,34.722,29.29,27.746,26.202,24.658,23.114,21.57,20.026,18.482,16.938,15.394,13.85,13.2401,12.6302,12.0203,11.4104,10.8005,10.1906,9.5807,8.9708,8.3609,7.751,7.4597,7.1684,6.8771,6.5858,6.2945,6.0032,5.7119,5.4206,5.1293,4.838,4.7127,4.5874,4.4621,4.3368,4.2115,4.0862,3.9609,3.8356,3.7103,3.585,3.4597,3.3344,3.2091,3.0838,2.9585,2.8332,2.7079,2.5826,2.4573,2.332,2.26762852596557,2.20325705193114,2.13888557789672,2.07451410386229,2.01014262982786,7.96006115066212,7.77705678275768,7.59405241485324,7.41104804694881,7.22804367904437,7.04503931113993,6.8620349432355,6.67903057533106,6.49602620742662,6.31302183952219,6.13001747161775,5.94701310371331,5.76400873580887,5.58100436790444,5.398,5.32918,5.26036,5.19154,5.12272,5.0539,4.98508,4.91626,4.84744,4.77862,4.7098,4.64098,4.57216,4.50334,4.43452,4.3657,4.29688,4.22806,4.15924,4.09042
86.36,80.756,75.152,69.548,63.944,58.34,52.736,47.132,41.528,35.924,30.32,28.724,27.128,25.532,23.936,22.34,20.744,19.148,17.552,15.956,14.36,13.7281,13.0962,12.4643,11.8324,11.2005,10.5686,9.9367,9.3048,8.6729,8.041,7.739,7.437,7.135,6.833,6.531,6.229,5.927,5.625,5.323,5.021,4.8909,4.7608,4.6307,4.5006,4.3705,4.2404,4.1103,3.9802,3.8501,3.72,3.5899,3.4598,3.3297,3.1996,3.0695,2.9394,2.8093,2.6792,2.5491,2.419,2.35541076894247,2.29182153788494,2.22823230682741,2.16464307576988,2.10105384471235,2.03746461365482,1.97387538259729,1.91028615153976,7.50590050598716,7.32800045998833,7.15010041398949,6.97220036799066,6.79430032199183,6.616400275993,6.43850022999416,6.26060018399533,6.0827001379965,5.90480009199767,5.72690004599883,5.549,5.4783,5.4076,5.3369,5.2662,5.1955,5.1248,5.0541,4.9834,4.9127,4.842,4.7713,4.7006,4.6299,4.5592,4.4885,4.4178,4.3471,4.2764,4.2057
89.52,83.72,77.92,72.12,66.32,60.52,54.72,48.92,43.12,37.32,31.52,29.863,28.206,26.549,24.892,23.235,21.578,19.921,18.264,16.607,14.95,14.2929,13.6358,12.9787,12.3216,11.6645,11.0074,10.3503,9.6932,9.0361,8.379,8.0644,7.7498,7.4352,7.1206,6.806,6.4914,6.1768,5.8622,5.5476,5.233,5.09745,4.9619,4.82635,4.6908,4.55525,4.4197,4.28415,4.1486,4.01305,3.8775,3.74195,3.6064,3.47085,3.3353,3.19975,3.0642,2.92865,2.7931,2.65755,2.522,2.45872750073628,2.39545500147256,2.33218250220884,2.26891000294512,2.2056375036814,2.14236500441767,2.07909250515395,2.01582000589023,1.95254750662651,1.88927500736279,7.29788158406485,7.12467251916876,6.95146345427266,6.77825438937657,6.60504532448047,6.43183625958438,6.25862719468828,6.08541812979219,5.91220906489609,5.739,5.66586,5.59272,5.51958,5.44644,5.3733,5.30016,5.22702,5.15388,5.08074,5.0076,4.93446,4.86132,4.78818,4.71504,4.6419,4.56876,4.49562,4.42248,4.34934
93.52,87.471,81.422,75.373,69.324,63.275,57.226,51.177,45.128,39.079,33.03,31.296,29.562,27.828,26.094,24.36,22.626,20.892,19.158,17.424,15.69,15.0012,14.3124,13.6236,12.9348,12.246,11.5572,10.8684,10.1796,9.4908,8.802,8.4717,8.1414,7.8111,7.4808,7.1505,6.8202,6.4899,6.1596,5.8293,5.499,5.3565,5.214,5.0715,4.929,4.7865,4.644,4.5015,4.359,4.2165,4.074,3.9315,3.789,3.6465,3.504,3.3615,3.219,3.0765,2.934,2.7915,2.649,2.5857417016406,2.52248340328119,2.45922510492179,2.39596680656238,2.33270850820298,2.26945020984357,2.20619191148417,2.14293361312476,2.07967531476536,2.01641701640595,1.95315871804655,1.88990041968714,1.82664212132774,6.99085496881777,6.82421247401481,6.65756997921185,6.49092748440889,6.32428498960592,6.15764249480296,5.991,5.91458,5.83816,5.76174,5.68532,5.6089,5.53248,5.45606,5.37964,5.30322,5.2268,5.15038,5.07396,4.99754,4.92112,4.8447,4.76828,4.69186,4.61544,4.53902
